,WEB,ML,DM,IR,DB,HI,NLP,CV,COM
0,xml,spiking,cup,workshop,dbms,hci,parsing,stereo,atm
1,rdf,logics,frequent,passage,sql,tangible,adjoining,pose,packet
2,crawling,neuro,discovered,xml,xml,pointing,dialogue,registration,multicast
3,hypermedia,neural,episodes,assessor,warehousing,tabletop,parser,photometric,wdm
4,semantic,circumscription,interesting,ir,join,de,pos,illumination,delay
5,http,spike,outliers,language,concurrency,pen,ccg,rigid,congestion
6,owl,robot,drifting,federated,joins,es,grammars,vision,wavelength
7,xslt,brain,microarray,poster,oracle,para,mt,scene,tcp
8,caching,chaotic,outlier,acm,workshop,keyboard,verb,cameras,admission
9,www,hippocampal,imbalanced,stemming,relational,everyday,noun,articulated,fairness
10,ws,neurons,kernels,distillation,disk,haptic,unification,texture,switches
11,crawler,cortex,pathways,answering,locking,gesture,bilingual,scenes,multihop
12,browser,neuron,marketing,definitional,rdf,tactile,parse,appearance,queue
13,service,argumentation,drug,diversification,skyline,screen,tagger,deformable,lans
14,servers,abduction,miner,searcher,declarative,menus,language,projector,traffic
15,pagerank,qualitative,anonymization,result,db,participatory,phrase,shading,scheduling
16,peer,horn,recommender,effectiveness,warehouses,da,discourse,monocular,throughput
17,twitter,ica,privacy,verbose,workflow,um,transliteration,3d,hop
18,restful,synaptic,committee,bibliographic,microsoft,usu,transducers,camera,buffer
19,server,default,anomaly,european,provenance,displays,corpus,priors,mesh
20,website,artificial,interestingness,subtopic,reorganization,usability,corpora,contours,relay
21,javascript,allen,cancer,semantic,aggregate,chi,lexical,motion,ip
22,rss,firing,discriminant,multilingual,predicates,uma,morphological,affine,fair
23,mashup,proving,massive,music,schema,display,spoken,occlusion,lightwave
24,urls,vision,series,topic,workflows,children,ellipsis,invariant,buffered
25,proxy,saliency,item,judgments,materialized,entertainment,sentence,occlusions,switched
26,click,theories,gene,opinion,optimizer,handed,semantic,surfaces,routing
27,publishing,robots,lift,metasearch,b,gestures,german,calibration,antennas
28,browsers,som,proteins,indexes,synopses,touch,paraphrase,symmetry,radio
29,compositions,plasticity,roc,session,transactions,creative,distributional,blur,opportunistic
30,earthquake,colony,spacecraft,scatter,middleware,reality,anaphora,specular,vehicular
31,matchmaking,cortical,ticket,probabilistic,nothing,tabletops,monolingual,depth,protocols
32,media,diagnosis,urban,articles,warehouse,o,lexicon,saliency,switch
33,spam,particle,factorization,qa,flash,engaging,syntactic,localization,cdma
34,communities,propositional,fraud,thesaurus,main,older,arabic,manifolds,routers
35,folksonomies,ai,categorical,suggestion,storage,gaze,morphologically,correspondences,lan
36,middleware,revision,sql,personalize,acm,adults,chunking,matting,fading
37,observatory,planning,genes,award,isolation,facilitating,finite,shape,protocol
38,advertising,nonlinear,cubes,rankers,analytics,storytelling,multilingual,dense,sensor
39,wikipedia,recurrent,informative,stemmer,indexes,domestic,english,gesture,queued
40,delivery,swarm,biological,symposium,selectivity,rios,parsers,discriminant,broadband
41,lifecycle,bifurcation,margin,duplicate,deductive,sustainability,dialog,patch,reservation
42,mashups,chess,anonymizing,spam,files,handheld,french,correspondence,rings
43,advertiser,possibility,ant,spoken,workloads,com,alignments,reflectance,slotted
44,blogging,sensorimotor,colony,patent,cubes,encouraging,sentiment,contour,priority
45,pdas,stereo,customers,file,exodus,sistemas,japanese,tensor,interconnection
46,articles,motor,motifs,japanese,garbage,emotional,dialogues,biometric,forwarding
47,authoring,nets,subspace,stopping,jim,auditory,linguistically,manifold,selfish
48,html,fuzzy,bayesian,plagiarism,pig,practices,linguistics,curvature,bandwidth
49,url,logic,covariance,posting,ssds,hands,lexicons,cluttered,channels
